Class,Sequence_Index,Mean_Posterior_Probability
HYER2 Native,1,0.7760416666666666
HYER Round-1 Design,1,0.7310416666666666
HYER Round-1 Design,2,0.7910416666666665
HYER Round-1 Design,3,0.9027083333333332
HYER-A Subfamily,1,0.8485416666666665
HYER-A Subfamily,2,0.7939583333333331
HYER-A Subfamily,3,0.7033333333333331
HYER-A Subfamily,4,0.8297916666666666
HYER-A Subfamily,5,0.8031249999999999
HYER-A Subfamily,6,0.875
HYER-B Subfamily,1,0.8827083333333331
HYER-B Subfamily,2,0.9235416666666666
HYER-B Subfamily,3,0.9137499999999998
HYER-B Subfamily,4,0.8762499999999999
HYER-B Subfamily,5,0.6958333333333333
HYER-B Subfamily,6,0.8441666666666667
