Class,Position,Entropy
HYER2 Native,1,-0.0
HYER2 Native,2,-0.0
HYER2 Native,3,-0.0
HYER2 Native,4,-0.0
HYER2 Native,5,-0.0
HYER2 Native,6,-0.0
HYER2 Native,7,-0.0
HYER2 Native,8,-0.0
HYER2 Native,9,-0.0
HYER2 Native,10,-0.0
HYER2 Native,11,-0.0
HYER2 Native,12,-0.0
HYER2 Native,13,-0.0
HYER2 Native,14,-0.0
HYER2 Native,15,-0.0
HYER2 Native,16,-0.0
HYER2 Native,17,-0.0
HYER2 Native,18,-0.0
HYER2 Native,19,-0.0
HYER2 Native,20,-0.0
HYER2 Native,21,-0.0
HYER2 Native,22,-0.0
HYER2 Native,23,-0.0
HYER2 Native,24,-0.0
HYER2 Native,25,-0.0
HYER2 Native,26,-0.0
HYER2 Native,27,-0.0
HYER2 Native,28,-0.0
HYER2 Native,29,-0.0
HYER2 Native,30,-0.0
HYER2 Native,31,-0.0
HYER2 Native,32,-0.0
HYER2 Native,33,-0.0
HYER2 Native,34,-0.0
HYER2 Native,35,-0.0
HYER2 Native,36,-0.0
HYER2 Native,37,-0.0
HYER2 Native,38,-0.0
HYER2 Native,39,-0.0
HYER2 Native,40,-0.0
HYER2 Native,41,-0.0
HYER2 Native,42,-0.0
HYER2 Native,43,-0.0
HYER2 Native,44,-0.0
HYER2 Native,45,-0.0
HYER2 Native,46,-0.0
HYER2 Native,47,-0.0
HYER2 Native,48,-0.0
HYER2 Native,49,-0.0
HYER2 Native,50,-0.0
HYER2 Native,51,-0.0
HYER2 Native,52,-0.0
HYER2 Native,53,-0.0
HYER2 Native,54,-0.0
HYER2 Native,55,-0.0
HYER2 Native,56,-0.0
HYER2 Native,57,-0.0
HYER2 Native,58,-0.0
HYER2 Native,59,-0.0
HYER2 Native,60,-0.0
HYER2 Native,61,-0.0
HYER2 Native,62,-0.0
HYER2 Native,63,-0.0
HYER2 Native,64,-0.0
HYER2 Native,65,-0.0
HYER2 Native,66,-0.0
HYER2 Native,67,-0.0
HYER2 Native,68,-0.0
HYER2 Native,69,-0.0
HYER2 Native,70,-0.0
HYER2 Native,71,-0.0
HYER2 Native,72,-0.0
HYER2 Native,73,-0.0
HYER2 Native,74,-0.0
HYER2 Native,75,-0.0
HYER2 Native,76,-0.0
HYER2 Native,77,-0.0
HYER2 Native,78,-0.0
HYER2 Native,79,-0.0
HYER2 Native,80,-0.0
HYER2 Native,81,-0.0
HYER2 Native,82,-0.0
HYER2 Native,83,-0.0
HYER2 Native,84,-0.0
HYER2 Native,85,-0.0
HYER2 Native,86,-0.0
HYER2 Native,87,-0.0
HYER2 Native,88,-0.0
HYER2 Native,89,-0.0
HYER2 Native,90,-0.0
HYER2 Native,91,-0.0
HYER2 Native,92,-0.0
HYER2 Native,93,-0.0
HYER2 Native,94,-0.0
HYER2 Native,95,-0.0
HYER2 Native,96,-0.0
HYER2 Native,97,-0.0
HYER2 Native,98,-0.0
HYER2 Native,99,-0.0
HYER2 Native,100,-0.0
HYER2 Native,101,-0.0
HYER2 Native,102,-0.0
HYER2 Native,103,-0.0
HYER2 Native,104,-0.0
HYER2 Native,105,-0.0
HYER2 Native,106,-0.0
HYER2 Native,107,-0.0
HYER2 Native,108,-0.0
HYER2 Native,109,-0.0
HYER2 Native,110,-0.0
HYER2 Native,111,-0.0
HYER2 Native,112,-0.0
HYER2 Native,113,-0.0
HYER2 Native,114,-0.0
HYER2 Native,115,-0.0
HYER2 Native,116,-0.0
HYER2 Native,117,-0.0
HYER2 Native,118,-0.0
HYER2 Native,119,-0.0
HYER2 Native,120,-0.0
HYER Round-1 Design,1,-0.0
HYER Round-1 Design,2,-0.0
HYER Round-1 Design,3,-0.0
HYER Round-1 Design,4,0.9182958340544896
HYER Round-1 Design,5,0.9182958340544896
HYER Round-1 Design,6,0.9182958340544896
HYER Round-1 Design,7,1.584962500721156
HYER Round-1 Design,8,0.9182958340544896
HYER Round-1 Design,9,-0.0
HYER Round-1 Design,10,0.9182958340544896
HYER Round-1 Design,11,0.9182958340544896
HYER Round-1 Design,12,0.9182958340544896
HYER Round-1 Design,13,-0.0
HYER Round-1 Design,14,0.9182958340544896
HYER Round-1 Design,15,0.9182958340544896
HYER Round-1 Design,16,0.9182958340544896
HYER Round-1 Design,17,-0.0
HYER Round-1 Design,18,-0.0
HYER Round-1 Design,19,0.9182958340544896
HYER Round-1 Design,20,-0.0
HYER Round-1 Design,21,0.9182958340544896
HYER Round-1 Design,22,0.9182958340544896
HYER Round-1 Design,23,0.9182958340544896
HYER Round-1 Design,24,-0.0
HYER Round-1 Design,25,-0.0
HYER Round-1 Design,26,0.9182958340544896
HYER Round-1 Design,27,-0.0
HYER Round-1 Design,28,-0.0
HYER Round-1 Design,29,-0.0
HYER Round-1 Design,30,-0.0
HYER Round-1 Design,31,-0.0
HYER Round-1 Design,32,-0.0
HYER Round-1 Design,33,1.0
HYER Round-1 Design,34,1.0
HYER Round-1 Design,35,-0.0
HYER Round-1 Design,36,-0.0
HYER Round-1 Design,37,-0.0
HYER Round-1 Design,38,-0.0
HYER Round-1 Design,39,-0.0
HYER Round-1 Design,40,1.0
HYER Round-1 Design,41,-0.0
HYER Round-1 Design,42,-0.0
HYER Round-1 Design,43,-0.0
HYER Round-1 Design,44,-0.0
HYER Round-1 Design,45,-0.0
HYER Round-1 Design,46,-0.0
HYER Round-1 Design,47,-0.0
HYER Round-1 Design,48,-0.0
HYER Round-1 Design,49,-0.0
HYER Round-1 Design,50,-0.0
HYER Round-1 Design,51,-0.0
HYER Round-1 Design,52,-0.0
HYER Round-1 Design,53,-0.0
HYER Round-1 Design,54,-0.0
HYER Round-1 Design,55,-0.0
HYER Round-1 Design,56,-0.0
HYER Round-1 Design,57,-0.0
HYER Round-1 Design,58,-0.0
HYER Round-1 Design,59,-0.0
HYER Round-1 Design,60,-0.0
HYER Round-1 Design,61,-0.0
HYER Round-1 Design,62,-0.0
HYER Round-1 Design,63,-0.0
HYER Round-1 Design,64,-0.0
HYER Round-1 Design,65,-0.0
HYER Round-1 Design,66,-0.0
HYER Round-1 Design,67,-0.0
HYER Round-1 Design,68,-0.0
HYER Round-1 Design,69,-0.0
HYER Round-1 Design,70,-0.0
HYER Round-1 Design,71,-0.0
HYER Round-1 Design,72,-0.0
HYER Round-1 Design,73,-0.0
HYER Round-1 Design,74,0.9182958340544896
HYER Round-1 Design,75,-0.0
HYER Round-1 Design,76,-0.0
HYER Round-1 Design,77,-0.0
HYER Round-1 Design,78,-0.0
HYER Round-1 Design,79,-0.0
HYER Round-1 Design,80,-0.0
HYER Round-1 Design,81,-0.0
HYER Round-1 Design,82,-0.0
HYER Round-1 Design,83,-0.0
HYER Round-1 Design,84,-0.0
HYER Round-1 Design,85,-0.0
HYER Round-1 Design,86,-0.0
HYER Round-1 Design,87,-0.0
HYER Round-1 Design,88,-0.0
HYER Round-1 Design,89,-0.0
HYER Round-1 Design,90,-0.0
HYER Round-1 Design,91,-0.0
HYER Round-1 Design,92,-0.0
HYER Round-1 Design,93,-0.0
HYER Round-1 Design,94,-0.0
HYER Round-1 Design,95,-0.0
HYER Round-1 Design,96,-0.0
HYER Round-1 Design,97,-0.0
HYER Round-1 Design,98,-0.0
HYER Round-1 Design,99,-0.0
HYER Round-1 Design,100,-0.0
HYER Round-1 Design,101,-0.0
HYER Round-1 Design,102,-0.0
HYER Round-1 Design,103,1.584962500721156
HYER Round-1 Design,104,0.9182958340544896
HYER Round-1 Design,105,0.9182958340544896
HYER Round-1 Design,106,-0.0
HYER Round-1 Design,107,0.9182958340544896
HYER Round-1 Design,108,-0.0
HYER Round-1 Design,109,0.9182958340544896
HYER Round-1 Design,110,-0.0
HYER Round-1 Design,111,1.584962500721156
HYER Round-1 Design,112,0.9182958340544896
HYER Round-1 Design,113,0.9182958340544896
HYER Round-1 Design,114,1.584962500721156
HYER Round-1 Design,115,0.9182958340544896
HYER Round-1 Design,116,0.9182958340544896
HYER Round-1 Design,117,0.9182958340544896
HYER Round-1 Design,118,0.9182958340544896
HYER Round-1 Design,119,-0.0
HYER Round-1 Design,120,0.9182958340544896
HYER Round-1 Design,121,0.9182958340544896
HYER Round-1 Design,122,-0.0
HYER Round-1 Design,123,0.9182958340544896
HYER Round-1 Design,124,-0.0
HYER Round-1 Design,125,0.9182958340544896
HYER Round-1 Design,126,-0.0
HYER Round-1 Design,127,-0.0
HYER Round-1 Design,128,-0.0
HYER Round-1 Design,129,-0.0
HYER Round-1 Design,130,0.9182958340544896
HYER Round-1 Design,131,-0.0
HYER Round-1 Design,132,0.9182958340544896
HYER-A Subfamily,1,-0.0
HYER-A Subfamily,2,1.0
HYER-A Subfamily,3,1.0
HYER-A Subfamily,4,-0.0
HYER-A Subfamily,5,1.5
HYER-A Subfamily,6,1.5219280948873621
HYER-A Subfamily,7,1.3709505944546687
HYER-A Subfamily,8,1.5219280948873621
HYER-A Subfamily,9,1.9219280948873623
HYER-A Subfamily,10,1.3709505944546687
HYER-A Subfamily,11,-0.0
HYER-A Subfamily,12,1.3709505944546687
HYER-A Subfamily,13,1.9219280948873623
HYER-A Subfamily,14,1.9219280948873623
HYER-A Subfamily,15,1.5219280948873621
HYER-A Subfamily,16,1.5219280948873621
HYER-A Subfamily,17,1.5219280948873621
HYER-A Subfamily,18,1.3709505944546687
HYER-A Subfamily,19,1.3709505944546687
HYER-A Subfamily,20,0.9709505944546686
HYER-A Subfamily,21,0.7219280948873623
HYER-A Subfamily,22,0.9709505944546686
HYER-A Subfamily,23,1.5219280948873621
HYER-A Subfamily,24,1.5219280948873621
HYER-A Subfamily,25,-0.0
HYER-A Subfamily,26,0.9709505944546686
HYER-A Subfamily,27,1.3709505944546687
HYER-A Subfamily,28,1.5219280948873621
HYER-A Subfamily,29,1.5219280948873621
HYER-A Subfamily,30,0.9709505944546686
HYER-A Subfamily,31,1.3709505944546687
HYER-A Subfamily,32,0.9709505944546686
HYER-A Subfamily,33,1.3709505944546687
HYER-A Subfamily,34,0.9709505944546686
HYER-A Subfamily,35,1.9219280948873623
HYER-A Subfamily,36,1.5
HYER-A Subfamily,37,-0.0
HYER-A Subfamily,38,-0.0
HYER-A Subfamily,39,1.0
HYER-A Subfamily,40,0.7219280948873623
HYER-A Subfamily,41,-0.0
HYER-A Subfamily,42,0.9709505944546686
HYER-A Subfamily,43,0.7219280948873623
HYER-A Subfamily,44,0.7219280948873623
HYER-A Subfamily,45,0.7219280948873623
HYER-A Subfamily,46,0.9709505944546686
HYER-A Subfamily,47,1.9219280948873623
HYER-A Subfamily,48,1.3709505944546687
HYER-A Subfamily,49,1.9219280948873623
HYER-A Subfamily,50,1.5219280948873621
HYER-A Subfamily,51,1.3709505944546687
HYER-A Subfamily,52,1.9219280948873623
HYER-A Subfamily,53,1.3709505944546687
HYER-A Subfamily,54,1.5219280948873621
HYER-A Subfamily,55,0.7219280948873623
HYER-A Subfamily,56,1.5219280948873621
HYER-A Subfamily,57,0.7219280948873623
HYER-A Subfamily,58,1.5219280948873621
HYER-A Subfamily,59,1.3709505944546687
HYER-A Subfamily,60,0.9709505944546686
HYER-A Subfamily,61,0.9709505944546686
HYER-A Subfamily,62,0.9709505944546686
HYER-A Subfamily,63,1.9219280948873623
HYER-A Subfamily,64,1.5219280948873621
HYER-A Subfamily,65,1.5219280948873621
HYER-A Subfamily,66,1.3709505944546687
HYER-A Subfamily,67,1.3709505944546687
HYER-A Subfamily,68,0.9709505944546686
HYER-A Subfamily,69,1.5219280948873621
HYER-A Subfamily,70,1.3709505944546687
HYER-A Subfamily,71,1.5219280948873621
HYER-A Subfamily,72,1.5
HYER-A Subfamily,73,-0.0
HYER-A Subfamily,74,-0.0
HYER-A Subfamily,75,1.0
HYER-A Subfamily,76,-0.0
HYER-A Subfamily,77,0.9709505944546686
HYER-A Subfamily,78,-0.0
HYER-A Subfamily,79,0.9709505944546686
HYER-A Subfamily,80,-0.0
HYER-A Subfamily,81,0.9709505944546686
HYER-A Subfamily,82,0.7219280948873623
HYER-A Subfamily,83,0.7219280948873623
HYER-A Subfamily,84,-0.0
HYER-A Subfamily,85,-0.0
HYER-A Subfamily,86,0.7219280948873623
HYER-A Subfamily,87,0.7219280948873623
HYER-A Subfamily,88,0.7219280948873623
HYER-A Subfamily,89,-0.0
HYER-A Subfamily,90,0.6500224216483541
HYER-A Subfamily,91,-0.0
HYER-A Subfamily,92,0.9182958340544896
HYER-A Subfamily,93,0.6500224216483541
HYER-A Subfamily,94,0.9182958340544896
HYER-A Subfamily,95,1.0
HYER-A Subfamily,96,1.7924812503605778
HYER-A Subfamily,97,-0.0
HYER-A Subfamily,98,1.2516291673878228
HYER-A Subfamily,99,-0.0
HYER-A Subfamily,100,-0.0
HYER-A Subfamily,101,-0.0
HYER-A Subfamily,102,-0.0
HYER-A Subfamily,103,-0.0
HYER-A Subfamily,104,-0.0
HYER-A Subfamily,105,-0.0
HYER-A Subfamily,106,-0.0
HYER-A Subfamily,107,-0.0
HYER-A Subfamily,108,-0.0
HYER-A Subfamily,109,-0.0
HYER-A Subfamily,110,-0.0
HYER-A Subfamily,111,-0.0
HYER-A Subfamily,112,-0.0
HYER-A Subfamily,113,-0.0
HYER-A Subfamily,114,-0.0
HYER-A Subfamily,115,-0.0
HYER-A Subfamily,116,-0.0
HYER-A Subfamily,117,-0.0
HYER-A Subfamily,118,-0.0
HYER-A Subfamily,119,-0.0
HYER-A Subfamily,120,-0.0
HYER-A Subfamily,121,-0.0
HYER-A Subfamily,122,-0.0
HYER-A Subfamily,123,-0.0
HYER-A Subfamily,124,-0.0
HYER-A Subfamily,125,-0.0
HYER-A Subfamily,126,-0.0
HYER-A Subfamily,127,-0.0
HYER-A Subfamily,128,-0.0
HYER-A Subfamily,129,-0.0
HYER-A Subfamily,130,-0.0
HYER-A Subfamily,131,-0.0
HYER-A Subfamily,132,-0.0
HYER-A Subfamily,133,-0.0
HYER-A Subfamily,134,-0.0
HYER-A Subfamily,135,-0.0
HYER-A Subfamily,136,-0.0
HYER-A Subfamily,137,-0.0
HYER-A Subfamily,138,-0.0
HYER-A Subfamily,139,-0.0
HYER-A Subfamily,140,-0.0
HYER-A Subfamily,141,-0.0
HYER-A Subfamily,142,-0.0
HYER-A Subfamily,143,-0.0
HYER-A Subfamily,144,-0.0
HYER-A Subfamily,145,-0.0
HYER-A Subfamily,146,-0.0
HYER-A Subfamily,147,-0.0
HYER-A Subfamily,148,-0.0
HYER-A Subfamily,149,-0.0
HYER-A Subfamily,150,-0.0
HYER-A Subfamily,151,-0.0
HYER-A Subfamily,152,-0.0
HYER-A Subfamily,153,-0.0
HYER-A Subfamily,154,-0.0
HYER-A Subfamily,155,-0.0
HYER-A Subfamily,156,-0.0
HYER-A Subfamily,157,-0.0
HYER-A Subfamily,158,-0.0
HYER-A Subfamily,159,-0.0
HYER-A Subfamily,160,-0.0
HYER-A Subfamily,161,-0.0
HYER-A Subfamily,162,-0.0
HYER-A Subfamily,163,-0.0
HYER-A Subfamily,164,-0.0
HYER-A Subfamily,165,-0.0
HYER-A Subfamily,166,-0.0
HYER-A Subfamily,167,-0.0
HYER-A Subfamily,168,-0.0
HYER-A Subfamily,169,-0.0
HYER-A Subfamily,170,-0.0
HYER-A Subfamily,171,-0.0
HYER-A Subfamily,172,-0.0
HYER-A Subfamily,173,-0.0
HYER-A Subfamily,174,-0.0
HYER-A Subfamily,175,-0.0
HYER-A Subfamily,176,-0.0
HYER-A Subfamily,177,-0.0
HYER-A Subfamily,178,-0.0
HYER-A Subfamily,179,-0.0
HYER-A Subfamily,180,-0.0
HYER-A Subfamily,181,-0.0
HYER-A Subfamily,182,-0.0
HYER-A Subfamily,183,1.0
HYER-A Subfamily,184,1.9219280948873623
HYER-A Subfamily,185,1.9182958340544896
HYER-A Subfamily,186,0.6500224216483541
HYER-A Subfamily,187,1.2516291673878228
HYER-A Subfamily,188,1.7924812503605778
HYER-A Subfamily,189,1.0
HYER-A Subfamily,190,0.6500224216483541
HYER-A Subfamily,191,1.2516291673878228
HYER-A Subfamily,192,1.0
HYER-A Subfamily,193,1.4591479170272446
HYER-A Subfamily,194,1.0
HYER-A Subfamily,195,1.584962500721156
HYER-A Subfamily,196,1.9182958340544896
HYER-A Subfamily,197,1.7924812503605778
HYER-A Subfamily,198,0.6500224216483541
HYER-A Subfamily,199,1.4591479170272448
HYER-A Subfamily,200,1.4591479170272446
HYER-A Subfamily,201,-0.0
HYER-A Subfamily,202,1.2516291673878228
HYER-A Subfamily,203,1.4591479170272446
HYER-A Subfamily,204,-0.0
HYER-A Subfamily,205,-0.0
HYER-A Subfamily,206,-0.0
HYER-A Subfamily,207,-0.0
HYER-A Subfamily,208,-0.0
HYER-A Subfamily,209,-0.0
HYER-A Subfamily,210,1.2516291673878228
HYER-A Subfamily,211,-0.0
HYER-A Subfamily,212,0.6500224216483541
HYER-A Subfamily,213,0.9182958340544896
HYER-A Subfamily,214,0.9182958340544896
HYER-A Subfamily,215,0.8112781244591328
HYER-A Subfamily,216,-0.0
HYER-A Subfamily,217,0.8112781244591328
HYER-A Subfamily,218,0.8112781244591328
HYER-A Subfamily,219,-0.0
HYER-B Subfamily,1,-0.0
HYER-B Subfamily,2,-0.0
HYER-B Subfamily,3,-0.0
HYER-B Subfamily,4,-0.0
HYER-B Subfamily,5,-0.0
HYER-B Subfamily,6,-0.0
HYER-B Subfamily,7,0.8112781244591328
HYER-B Subfamily,8,1.0
HYER-B Subfamily,9,0.8112781244591328
HYER-B Subfamily,10,0.8112781244591328
HYER-B Subfamily,11,-0.0
HYER-B Subfamily,12,1.3709505944546687
HYER-B Subfamily,13,1.9219280948873623
HYER-B Subfamily,14,0.9709505944546686
HYER-B Subfamily,15,0.7219280948873623
HYER-B Subfamily,16,1.3709505944546687
HYER-B Subfamily,17,0.7219280948873623
HYER-B Subfamily,18,0.7219280948873623
HYER-B Subfamily,19,0.9709505944546686
HYER-B Subfamily,20,0.9709505944546686
HYER-B Subfamily,21,1.3709505944546687
HYER-B Subfamily,22,1.5219280948873621
HYER-B Subfamily,23,1.3709505944546687
HYER-B Subfamily,24,1.5219280948873621
HYER-B Subfamily,25,0.7219280948873623
HYER-B Subfamily,26,-0.0
HYER-B Subfamily,27,1.9219280948873623
HYER-B Subfamily,28,1.5219280948873621
HYER-B Subfamily,29,0.7219280948873623
HYER-B Subfamily,30,1.5219280948873621
HYER-B Subfamily,31,1.3709505944546687
HYER-B Subfamily,32,0.7219280948873623
HYER-B Subfamily,33,0.7219280948873623
HYER-B Subfamily,34,0.9709505944546686
HYER-B Subfamily,35,0.7219280948873623
HYER-B Subfamily,36,1.0
HYER-B Subfamily,37,-0.0
HYER-B Subfamily,38,-0.0
HYER-B Subfamily,39,-0.0
HYER-B Subfamily,40,-0.0
HYER-B Subfamily,41,-0.0
HYER-B Subfamily,42,-0.0
HYER-B Subfamily,43,-0.0
HYER-B Subfamily,44,-0.0
HYER-B Subfamily,45,-0.0
HYER-B Subfamily,46,0.9709505944546686
HYER-B Subfamily,47,1.3709505944546687
HYER-B Subfamily,48,-0.0
HYER-B Subfamily,49,0.9709505944546686
HYER-B Subfamily,50,0.7219280948873623
HYER-B Subfamily,51,0.7219280948873623
HYER-B Subfamily,52,0.9709505944546686
HYER-B Subfamily,53,1.9219280948873623
HYER-B Subfamily,54,1.3709505944546687
HYER-B Subfamily,55,1.5219280948873621
HYER-B Subfamily,56,0.9709505944546686
HYER-B Subfamily,57,0.7219280948873623
HYER-B Subfamily,58,-0.0
HYER-B Subfamily,59,1.5219280948873621
HYER-B Subfamily,60,0.7219280948873623
HYER-B Subfamily,61,0.7219280948873623
HYER-B Subfamily,62,1.5219280948873621
HYER-B Subfamily,63,1.3709505944546687
HYER-B Subfamily,64,0.9709505944546686
HYER-B Subfamily,65,0.9709505944546686
HYER-B Subfamily,66,0.9709505944546686
HYER-B Subfamily,67,0.9709505944546686
HYER-B Subfamily,68,0.9709505944546686
HYER-B Subfamily,69,0.9709505944546686
HYER-B Subfamily,70,0.9709505944546686
HYER-B Subfamily,71,0.9709505944546686
HYER-B Subfamily,72,0.7219280948873623
HYER-B Subfamily,73,0.9709505944546686
HYER-B Subfamily,74,1.3709505944546687
HYER-B Subfamily,75,0.7219280948873623
HYER-B Subfamily,76,0.9709505944546686
HYER-B Subfamily,77,0.9709505944546686
HYER-B Subfamily,78,1.0
HYER-B Subfamily,79,-0.0
HYER-B Subfamily,80,1.0
HYER-B Subfamily,81,0.7219280948873623
HYER-B Subfamily,82,-0.0
HYER-B Subfamily,83,-0.0
HYER-B Subfamily,84,0.9709505944546686
HYER-B Subfamily,85,-0.0
HYER-B Subfamily,86,0.9709505944546686
HYER-B Subfamily,87,1.5219280948873621
HYER-B Subfamily,88,0.7219280948873623
HYER-B Subfamily,89,-0.0
HYER-B Subfamily,90,-0.0
HYER-B Subfamily,91,-0.0
HYER-B Subfamily,92,0.7219280948873623
HYER-B Subfamily,93,-0.0
HYER-B Subfamily,94,-0.0
HYER-B Subfamily,95,-0.0
HYER-B Subfamily,96,0.6500224216483541
HYER-B Subfamily,97,-0.0
HYER-B Subfamily,98,0.9182958340544896
HYER-B Subfamily,99,-0.0
HYER-B Subfamily,100,1.2516291673878228
HYER-B Subfamily,101,-0.0
HYER-B Subfamily,102,0.7219280948873623
HYER-B Subfamily,103,-0.0
HYER-B Subfamily,104,1.0
HYER-B Subfamily,105,-0.0
HYER-B Subfamily,106,1.0
HYER-B Subfamily,107,-0.0
HYER-B Subfamily,108,1.0
HYER-B Subfamily,109,-0.0
HYER-B Subfamily,110,-0.0
HYER-B Subfamily,111,-0.0
HYER-B Subfamily,112,-0.0
HYER-B Subfamily,113,-0.0
HYER-B Subfamily,114,-0.0
HYER-B Subfamily,115,-0.0
HYER-B Subfamily,116,-0.0
HYER-B Subfamily,117,-0.0
HYER-B Subfamily,118,-0.0
HYER-B Subfamily,119,-0.0
HYER-B Subfamily,120,-0.0
HYER-B Subfamily,121,-0.0
HYER-B Subfamily,122,-0.0
HYER-B Subfamily,123,-0.0
HYER-B Subfamily,124,-0.0
HYER-B Subfamily,125,-0.0
HYER-B Subfamily,126,-0.0
HYER-B Subfamily,127,-0.0
HYER-B Subfamily,128,-0.0
HYER-B Subfamily,129,-0.0
HYER-B Subfamily,130,-0.0
HYER-B Subfamily,131,-0.0
HYER-B Subfamily,132,-0.0
HYER-B Subfamily,133,-0.0
HYER-B Subfamily,134,-0.0
HYER-B Subfamily,135,-0.0
HYER-B Subfamily,136,-0.0
HYER-B Subfamily,137,-0.0
HYER-B Subfamily,138,-0.0
HYER-B Subfamily,139,-0.0
HYER-B Subfamily,140,-0.0
HYER-B Subfamily,141,-0.0
HYER-B Subfamily,142,-0.0
HYER-B Subfamily,143,-0.0
HYER-B Subfamily,144,-0.0
HYER-B Subfamily,145,-0.0
HYER-B Subfamily,146,-0.0
HYER-B Subfamily,147,-0.0
HYER-B Subfamily,148,-0.0
HYER-B Subfamily,149,-0.0
HYER-B Subfamily,150,-0.0
HYER-B Subfamily,151,-0.0
HYER-B Subfamily,152,-0.0
HYER-B Subfamily,153,-0.0
HYER-B Subfamily,154,-0.0
HYER-B Subfamily,155,-0.0
HYER-B Subfamily,156,-0.0
HYER-B Subfamily,157,-0.0
HYER-B Subfamily,158,-0.0
HYER-B Subfamily,159,-0.0
HYER-B Subfamily,160,-0.0
HYER-B Subfamily,161,-0.0
HYER-B Subfamily,162,-0.0
HYER-B Subfamily,163,-0.0
HYER-B Subfamily,164,-0.0
HYER-B Subfamily,165,-0.0
HYER-B Subfamily,166,-0.0
HYER-B Subfamily,167,-0.0
HYER-B Subfamily,168,-0.0
HYER-B Subfamily,169,-0.0
HYER-B Subfamily,170,-0.0
HYER-B Subfamily,171,-0.0
HYER-B Subfamily,172,-0.0
HYER-B Subfamily,173,-0.0
HYER-B Subfamily,174,-0.0
HYER-B Subfamily,175,-0.0
HYER-B Subfamily,176,-0.0
HYER-B Subfamily,177,-0.0
HYER-B Subfamily,178,-0.0
HYER-B Subfamily,179,-0.0
HYER-B Subfamily,180,-0.0
HYER-B Subfamily,181,-0.0
HYER-B Subfamily,182,-0.0
HYER-B Subfamily,183,-0.0
HYER-B Subfamily,184,-0.0
HYER-B Subfamily,185,-0.0
HYER-B Subfamily,186,-0.0
HYER-B Subfamily,187,-0.0
HYER-B Subfamily,188,-0.0
HYER-B Subfamily,189,-0.0
HYER-B Subfamily,190,-0.0
HYER-B Subfamily,191,-0.0
HYER-B Subfamily,192,-0.0
HYER-B Subfamily,193,-0.0
HYER-B Subfamily,194,-0.0
HYER-B Subfamily,195,-0.0
HYER-B Subfamily,196,-0.0
HYER-B Subfamily,197,-0.0
HYER-B Subfamily,198,-0.0
HYER-B Subfamily,199,-0.0
HYER-B Subfamily,200,-0.0
HYER-B Subfamily,201,-0.0
HYER-B Subfamily,202,-0.0
HYER-B Subfamily,203,-0.0
HYER-B Subfamily,204,-0.0
HYER-B Subfamily,205,-0.0
HYER-B Subfamily,206,-0.0
HYER-B Subfamily,207,-0.0
HYER-B Subfamily,208,-0.0
HYER-B Subfamily,209,-0.0
HYER-B Subfamily,210,-0.0
HYER-B Subfamily,211,-0.0
HYER-B Subfamily,212,-0.0
HYER-B Subfamily,213,1.0
HYER-B Subfamily,214,1.0
HYER-B Subfamily,215,1.0
HYER-B Subfamily,216,1.0
HYER-B Subfamily,217,0.9182958340544896
HYER-B Subfamily,218,1.0
HYER-B Subfamily,219,1.5
HYER-B Subfamily,220,-0.0
HYER-B Subfamily,221,0.8112781244591328
HYER-B Subfamily,222,1.5
HYER-B Subfamily,223,1.5219280948873621
HYER-B Subfamily,224,1.5219280948873621
HYER-B Subfamily,225,1.9219280948873623
HYER-B Subfamily,226,1.5219280948873621
HYER-B Subfamily,227,1.3709505944546687
HYER-B Subfamily,228,1.5219280948873621
HYER-B Subfamily,229,0.9709505944546686
HYER-B Subfamily,230,0.9709505944546686
HYER-B Subfamily,231,-0.0
HYER-B Subfamily,232,0.7219280948873623
HYER-B Subfamily,233,1.5219280948873621
HYER-B Subfamily,234,1.3709505944546687
HYER-B Subfamily,235,0.7219280948873623
HYER-B Subfamily,236,0.9709505944546686
HYER-B Subfamily,237,1.3709505944546687
HYER-B Subfamily,238,0.7219280948873623
HYER-B Subfamily,239,-0.0
HYER-B Subfamily,240,0.9709505944546686
HYER-B Subfamily,241,-0.0
HYER-B Subfamily,242,-0.0
HYER-B Subfamily,243,-0.0
HYER-B Subfamily,244,0.9709505944546686
HYER-B Subfamily,245,-0.0
HYER-B Subfamily,246,0.9709505944546686
HYER-B Subfamily,247,-0.0
HYER-B Subfamily,248,0.7219280948873623
